2026-09-05T14:07:59+00:00,wf_001,01_Workflows,400_variant,failed,0,[WinError 3] The system cannot find the path specified: '..\\data\\chunks\\400_variant\\01_Workflows'
2026-09-05T14:07:59+00:00,wf_002,01_Workflows,400_variant,failed,0,[WinError 3] The system cannot find the path specified: '..\\data\\chunks\\400_variant\\01_Workflows'
2026-09-05T14:07:59+00:00,wf_003,01_Workflows,400_variant,failed,0,[WinError 3] The system cannot find the path specified: '..\\data\\chunks\\400_variant\\01_Workflows'
2026-09-05T14:07:59+00:00,wf_004,01_Workflows,400_variant,failed,0,[WinError 3] The system cannot find the path specified: '..\\data\\chunks\\400_variant\\01_Workflows'
2026-09-05T14:07:59+00:00,wf_005,01_Workflows,400_variant,failed,0,[WinError 3] The system cannot find the path specified: '..\\data\\chunks\\400_variant\\01_Workflows'
2026-09-05T14:07:59+00:00,wf_006,01_Workflows,400_variant,failed,0,[WinError 3] The system cannot find the path specified: '..\\data\\chunks\\400_variant\\01_Workflows'
2026-09-05T14:07:59+00:00,wf_007,01_Workflows,400_variant,failed,0,[WinError 3] The system cannot find the path specified: '..\\data\\chunks\\400_variant\\01_Workflows'
2026-09-05T14:07:59+00:00,perm_001,02_Permissions,400_variant,failed,0,[WinError 3] The system cannot find the path specified: '..\\data\\chunks\\400_variant\\02_Permissions'
2026-09-05T14:07:59+00:00,perm_002,02_Permissions,400_variant,failed,0,[WinError 3] The system cannot find the path specified: '..\\data\\chunks\\400_variant\\02_Permissions'
2026-09-05T14:07:59+00:00,perm_003,02_Permissions,400_variant,failed,0,[WinError 3] The system cannot find the path specified: '..\\data\\chunks\\400_variant\\02_Permissions'
2026-09-05T14:07:59+00:00,perm_004,02_Permissions,400_variant,failed,0,[WinError 3] The system cannot find the path specified: '..\\data\\chunks\\400_variant\\02_Permissions'
2026-09-05T14:07:59+00:00,perm_005,02_Permissions,400_variant,failed,0,[WinError 3] The system cannot find the path specified: '..\\data\\chunks\\400_variant\\02_Permissions'
2026-09-05T14:07:59+00:00,perm_006,02_Permissions,400_variant,failed,0,[WinError 3] The system cannot find the path specified: '..\\data\\chunks\\400_variant\\02_Permissions'
2026-09-05T14:07:59+00:00,perm_007,02_Permissions,400_variant,failed,0,[WinError 3] The system cannot find the path specified: '..\\data\\chunks\\400_variant\\02_Permissions'
2026-09-05T14:07:59+00:00,iss_001,03_Issues,400_variant,failed,0,[WinError 3] The system cannot find the path specified: '..\\data\\chunks\\400_variant\\03_Issues'
2026-09-05T14:07:59+00:00,iss_002,03_Issues,400_variant,failed,0,[WinError 3] The system cannot find the path specified: '..\\data\\chunks\\400_variant\\03_Issues'
2026-09-05T14:07:59+00:00,iss_003,03_Issues,400_variant,failed,0,[WinError 3] The system cannot find the path specified: '..\\data\\chunks\\400_variant\\03_Issues'
2026-09-05T14:07:59+00:00,iss_004,03_Issues,400_variant,failed,0,[WinError 3] The system cannot find the path specified: '..\\data\\chunks\\400_variant\\03_Issues'
2026-09-05T14:07:59+00:00,proj_001,04_Projects,400_variant,failed,0,[WinError 3] The system cannot find the path specified: '..\\data\\chunks\\400_variant\\04_Projects'
2026-09-05T14:07:59+00:00,proj_002,04_Projects,400_variant,failed,0,[WinError 3] The system cannot find the path specified: '..\\data\\chunks\\400_variant\\04_Projects'
2026-09-05T14:07:59+00:00,proj_003,04_Projects,400_variant,failed,0,[WinError 3] The system cannot find the path specified: '..\\data\\chunks\\400_variant\\04_Projects'
2026-09-05T14:07:59+00:00,proj_004,04_Projects,400_variant,failed,0,[WinError 3] The system cannot find the path specified: '..\\data\\chunks\\400_variant\\04_Projects'
2026-09-05T14:07:59+00:00,fld_001,05_Fields,400_variant,failed,0,[WinError 3] The system cannot find the path specified: '..\\data\\chunks\\400_variant\\05_Fields'
2026-09-05T14:07:59+00:00,fld_002,05_Fields,400_variant,failed,0,[WinError 3] The system cannot find the path specified: '..\\data\\chunks\\400_variant\\05_Fields'
2026-09-05T14:07:59+00:00,fld_003,05_Fields,400_variant,failed,0,[WinError 3] The system cannot find the path specified: '..\\data\\chunks\\400_variant\\05_Fields'
2026-09-05T14:07:59+00:00,fld_004,05_Fields,400_variant,failed,0,[WinError 3] The system cannot find the path specified: '..\\data\\chunks\\400_variant\\05_Fields'
2026-09-05T14:07:59+00:00,fld_005,05_Fields,400_variant,failed,0,[WinError 3] The system cannot find the path specified: '..\\data\\chunks\\400_variant\\05_Fields'
2026-09-05T14:07:59+00:00,fld_006,05_Fields,400_variant,failed,0,[WinError 3] The system cannot find the path specified: '..\\data\\chunks\\400_variant\\05_Fields'
2026-09-05T14:07:59+00:00,srch_001,06_Search,400_variant,failed,0,[WinError 3] The system cannot find the path specified: '..\\data\\chunks\\400_variant\\06_Search'
2026-09-05T14:08:00+00:00,srch_002,06_Search,400_variant,failed,0,[WinError 3] The system cannot find the path specified: '..\\data\\chunks\\400_variant\\06_Search'
2026-09-05T14:08:00+00:00,srch_003,06_Search,400_variant,failed,0,[WinError 3] The system cannot find the path specified: '..\\data\\chunks\\400_variant\\06_Search'
2026-09-05T14:08:00+00:00,srch_004,06_Search,400_variant,failed,0,[WinError 3] The system cannot find the path specified: '..\\data\\chunks\\400_variant\\06_Search'
2026-09-05T14:08:00+00:00,srch_005,06_Search,400_variant,failed,0,[WinError 3] The system cannot find the path specified: '..\\data\\chunks\\400_variant\\06_Search'
2026-09-05T14:08:00+00:00,srch_006,06_Search,400_variant,failed,0,[WinError 3] The system cannot find the path specified: '..\\data\\chunks\\400_variant\\06_Search'
2026-09-05T14:08:00+00:00,srch_007,06_Search,400_variant,failed,0,[WinError 3] The system cannot find the path specified: '..\\data\\chunks\\400_variant\\06_Search'
2026-09-05T14:08:00+00:00,srch_008,06_Search,400_variant,failed,0,[WinError 3] The system cannot find the path specified: '..\\data\\chunks\\400_variant\\06_Search'
2026-09-05T14:08:00+00:00,brd_001,07_Boards,400_variant,failed,0,[WinError 3] The system cannot find the path specified: '..\\data\\chunks\\400_variant\\07_Boards'
2026-09-05T14:08:00+00:00,brd_002,07_Boards,400_variant,failed,0,[WinError 3] The system cannot find the path specified: '..\\data\\chunks\\400_variant\\07_Boards'
2026-09-05T14:08:00+00:00,brd_003,07_Boards,400_variant,failed,0,[WinError 3] The system cannot find the path specified: '..\\data\\chunks\\400_variant\\07_Boards'
2026-09-05T14:08:00+00:00,brd_004,07_Boards,400_variant,failed,0,[WinError 3] The system cannot find the path specified: '..\\data\\chunks\\400_variant\\07_Boards'
2026-09-05T14:08:00+00:00,brd_005,07_Boards,400_variant,failed,0,[WinError 3] The system cannot find the path specified: '..\\data\\chunks\\400_variant\\07_Boards'
2026-09-05T14:08:00+00:00,brd_006,07_Boards,400_variant,failed,0,[WinError 3] The system cannot find the path specified: '..\\data\\chunks\\400_variant\\07_Boards'
2026-09-05T14:08:00+00:00,notif_001,08_Notifications,400_variant,failed,0,[WinError 3] The system cannot find the path specified: '..\\data\\chunks\\400_variant\\08_Notifications'
2026-09-05T14:08:00+00:00,notif_002,08_Notifications,400_variant,failed,0,[WinError 3] The system cannot find the path specified: '..\\data\\chunks\\400_variant\\08_Notifications'
2026-09-05T14:08:00+00:00,notif_003,08_Notifications,400_variant,failed,0,[WinError 3] The system cannot find the path specified: '..\\data\\chunks\\400_variant\\08_Notifications'
2026-09-05T14:08:00+00:00,notif_004,08_Notifications,400_variant,failed,0,[WinError 3] The system cannot find the path specified: '..\\data\\chunks\\400_variant\\08_Notifications'
2026-09-05T14:08:00+00:00,notif_005,08_Notifications,400_variant,failed,0,[WinError 3] The system cannot find the path specified: '..\\data\\chunks\\400_variant\\08_Notifications'
2026-09-05T14:08:00+00:00,jsm_001,09_Jira_Service_Management,400_variant,failed,0,[WinError 3] The system cannot find the path specified: '..\\data\\chunks\\400_variant\\09_Jira_Service_Management'
2026-09-05T14:08:00+00:00,jsm_002,09_Jira_Service_Management,400_variant,failed,0,[WinError 3] The system cannot find the path specified: '..\\data\\chunks\\400_variant\\09_Jira_Service_Management'
2026-09-05T14:08:00+00:00,jsm_003,09_Jira_Service_Management,400_variant,failed,0,[WinError 3] The system cannot find the path specified: '..\\data\\chunks\\400_variant\\09_Jira_Service_Management'
2026-09-05T14:08:00+00:00,jsm_004,09_Jira_Service_Management,400_variant,failed,0,[WinError 3] The system cannot find the path specified: '..\\data\\chunks\\400_variant\\09_Jira_Service_Management'
2026-09-05T14:08:00+00:00,jsm_005,09_Jira_Service_Management,400_variant,failed,0,[WinError 3] The system cannot find the path specified: '..\\data\\chunks\\400_variant\\09_Jira_Service_Management'
2026-09-05T14:08:00+00:00,jsm_006,09_Jira_Service_Management,400_variant,failed,0,[WinError 3] The system cannot find the path specified: '..\\data\\chunks\\400_variant\\09_Jira_Service_Management'
2026-09-05T14:08:00+00:00,jsm_007,09_Jira_Service_Management,400_variant,failed,0,[WinError 3] The system cannot find the path specified: '..\\data\\chunks\\400_variant\\09_Jira_Service_Management'
2026-09-05T14:08:00+00:00,jsm_008,09_Jira_Service_Management,400_variant,failed,0,[WinError 3] The system cannot find the path specified: '..\\data\\chunks\\400_variant\\09_Jira_Service_Management'
2026-09-05T14:08:01+00:00,ts_001,10_Troubleshooting,400_variant,failed,0,[WinError 3] The system cannot find the path specified: '..\\data\\chunks\\400_variant\\10_Troubleshooting'
2026-09-05T14:08:01+00:00,ts_002,10_Troubleshooting,400_variant,failed,0,[WinError 3] The system cannot find the path specified: '..\\data\\chunks\\400_variant\\10_Troubleshooting'
2026-09-05T14:08:01+00:00,ts_003,10_Troubleshooting,400_variant,failed,0,[WinError 3] The system cannot find the path specified: '..\\data\\chunks\\400_variant\\10_Troubleshooting'
2026-09-05T14:08:01+00:00,ts_004,10_Troubleshooting,400_variant,failed,0,[WinError 3] The system cannot find the path specified: '..\\data\\chunks\\400_variant\\10_Troubleshooting'
2026-09-05T14:14:17+00:00,wf_001,01_Workflows,400_variant,success,3,saved
2026-09-05T14:14:17+00:00,wf_002,01_Workflows,400_variant,success,2,saved
2026-09-05T14:14:17+00:00,wf_003,01_Workflows,400_variant,success,6,saved
2026-09-05T14:14:18+00:00,wf_004,01_Workflows,400_variant,success,11,saved
2026-09-05T14:14:18+00:00,wf_005,01_Workflows,400_variant,success,4,saved
2026-09-05T14:14:18+00:00,wf_006,01_Workflows,400_variant,success,2,saved
2026-09-05T14:14:18+00:00,wf_007,01_Workflows,400_variant,success,1,saved
2026-09-05T14:14:18+00:00,perm_001,02_Permissions,400_variant,success,1,saved
2026-09-05T14:14:18+00:00,perm_002,02_Permissions,400_variant,success,1,saved
2026-09-05T14:14:18+00:00,perm_003,02_Permissions,400_variant,success,1,saved
2026-09-05T14:14:18+00:00,perm_004,02_Permissions,400_variant,success,1,saved
2026-09-05T14:14:18+00:00,perm_005,02_Permissions,400_variant,success,2,saved
2026-09-05T14:14:18+00:00,perm_006,02_Permissions,400_variant,success,2,saved
2026-09-05T14:14:18+00:00,perm_007,02_Permissions,400_variant,success,3,saved
2026-09-05T14:14:18+00:00,iss_001,03_Issues,400_variant,success,5,saved
2026-09-05T14:14:18+00:00,iss_002,03_Issues,400_variant,success,2,saved
2026-09-05T14:14:18+00:00,iss_003,03_Issues,400_variant,success,6,saved
2026-09-05T14:14:18+00:00,iss_004,03_Issues,400_variant,success,2,saved
2026-09-05T14:14:18+00:00,proj_001,04_Projects,400_variant,success,2,saved
2026-09-05T14:14:18+00:00,proj_002,04_Projects,400_variant,success,1,saved
2026-09-05T14:14:18+00:00,proj_003,04_Projects,400_variant,success,6,saved
2026-09-05T14:14:18+00:00,proj_004,04_Projects,400_variant,success,1,saved
2026-09-05T14:14:18+00:00,fld_001,05_Fields,400_variant,success,1,saved
2026-09-05T14:14:18+00:00,fld_002,05_Fields,400_variant,success,2,saved
2026-09-05T14:14:18+00:00,fld_003,05_Fields,400_variant,success,6,saved
2026-09-05T14:14:18+00:00,fld_004,05_Fields,400_variant,success,2,saved
2026-09-05T14:14:18+00:00,fld_005,05_Fields,400_variant,success,3,saved
2026-09-05T14:14:18+00:00,fld_006,05_Fields,400_variant,success,2,saved
2026-09-05T14:14:18+00:00,srch_001,06_Search,400_variant,success,1,saved
2026-09-05T14:14:18+00:00,srch_002,06_Search,400_variant,success,25,saved
2026-09-05T14:14:18+00:00,srch_003,06_Search,400_variant,success,28,saved
2026-09-05T14:14:18+00:00,srch_004,06_Search,400_variant,success,13,saved
2026-09-05T14:14:18+00:00,srch_005,06_Search,400_variant,success,10,saved
2026-09-05T14:14:18+00:00,srch_006,06_Search,400_variant,success,2,saved
2026-09-05T14:14:18+00:00,srch_007,06_Search,400_variant,success,1,saved
2026-09-05T14:14:18+00:00,srch_008,06_Search,400_variant,success,1,saved
2026-09-05T14:14:18+00:00,brd_001,07_Boards,400_variant,success,2,saved
2026-09-05T14:14:18+00:00,brd_002,07_Boards,400_variant,success,1,saved
2026-09-05T14:14:18+00:00,brd_003,07_Boards,400_variant,success,2,saved
2026-09-05T14:14:18+00:00,brd_004,07_Boards,400_variant,success,8,saved
2026-09-05T14:14:18+00:00,brd_005,07_Boards,400_variant,success,3,saved
2026-09-05T14:14:18+00:00,brd_006,07_Boards,400_variant,success,1,saved
2026-09-05T14:14:18+00:00,notif_001,08_Notifications,400_variant,success,6,saved
2026-09-05T14:14:18+00:00,notif_002,08_Notifications,400_variant,success,3,saved
2026-09-05T14:14:18+00:00,notif_003,08_Notifications,400_variant,success,3,saved
2026-09-05T14:14:18+00:00,notif_004,08_Notifications,400_variant,success,4,saved
2026-09-05T14:14:18+00:00,notif_005,08_Notifications,400_variant,success,1,saved
2026-09-05T14:14:18+00:00,jsm_001,09_Jira_Service_Management,400_variant,success,2,saved
2026-09-05T14:14:18+00:00,jsm_002,09_Jira_Service_Management,400_variant,success,1,saved
2026-09-05T14:14:18+00:00,jsm_003,09_Jira_Service_Management,400_variant,success,3,saved
2026-09-05T14:14:18+00:00,jsm_004,09_Jira_Service_Management,400_variant,success,1,saved
2026-09-05T14:14:18+00:00,jsm_005,09_Jira_Service_Management,400_variant,success,1,saved
2026-09-05T14:14:18+00:00,jsm_006,09_Jira_Service_Management,400_variant,success,1,saved
2026-09-05T14:14:18+00:00,jsm_007,09_Jira_Service_Management,400_variant,success,2,saved
2026-09-05T14:14:18+00:00,jsm_008,09_Jira_Service_Management,400_variant,success,1,saved
2026-09-05T14:14:19+00:00,ts_001,10_Troubleshooting,400_variant,success,50,saved
2026-09-05T14:14:19+00:00,ts_002,10_Troubleshooting,400_variant,success,6,saved
2026-09-05T14:14:19+00:00,ts_003,10_Troubleshooting,400_variant,success,5,saved
2026-09-05T14:14:19+00:00,ts_004,10_Troubleshooting,400_variant,success,10,saved
2026-09-05T14:14:39+00:00,wf_001,01_Workflows,600_variant,success,2,saved
2026-09-05T14:14:39+00:00,wf_002,01_Workflows,600_variant,success,1,saved
2026-09-05T14:14:39+00:00,wf_003,01_Workflows,600_variant,success,4,saved
2026-09-05T14:14:39+00:00,wf_004,01_Workflows,600_variant,success,7,saved
2026-09-05T14:14:39+00:00,wf_005,01_Workflows,600_variant,success,2,saved
2026-09-05T14:14:39+00:00,wf_006,01_Workflows,600_variant,success,2,saved
2026-09-05T14:14:39+00:00,wf_007,01_Workflows,600_variant,success,1,saved
2026-09-05T14:14:39+00:00,perm_001,02_Permissions,600_variant,success,1,saved
2026-09-05T14:14:39+00:00,perm_002,02_Permissions,600_variant,success,1,saved
2026-09-05T14:14:39+00:00,perm_003,02_Permissions,600_variant,success,1,saved
2026-09-05T14:14:39+00:00,perm_004,02_Permissions,600_variant,success,1,saved
2026-09-05T14:14:39+00:00,perm_005,02_Permissions,600_variant,success,2,saved
2026-09-05T14:14:39+00:00,perm_006,02_Permissions,600_variant,success,1,saved
2026-09-05T14:14:39+00:00,perm_007,02_Permissions,600_variant,success,2,saved
2026-09-05T14:14:39+00:00,iss_001,03_Issues,600_variant,success,3,saved
2026-09-05T14:14:39+00:00,iss_002,03_Issues,600_variant,success,2,saved
2026-09-05T14:14:39+00:00,iss_003,03_Issues,600_variant,success,4,saved
2026-09-05T14:14:39+00:00,iss_004,03_Issues,600_variant,success,1,saved
2026-09-05T14:14:39+00:00,proj_001,04_Projects,600_variant,success,1,saved
2026-09-05T14:14:39+00:00,proj_002,04_Projects,600_variant,success,1,saved
2026-09-05T14:14:39+00:00,proj_003,04_Projects,600_variant,success,4,saved
2026-09-05T14:14:39+00:00,proj_004,04_Projects,600_variant,success,1,saved
2026-09-05T14:14:39+00:00,fld_001,05_Fields,600_variant,success,1,saved
2026-09-05T14:14:39+00:00,fld_002,05_Fields,600_variant,success,1,saved
2026-09-05T14:14:39+00:00,fld_003,05_Fields,600_variant,success,4,saved
2026-09-05T14:14:39+00:00,fld_004,05_Fields,600_variant,success,2,saved
2026-09-05T14:14:39+00:00,fld_005,05_Fields,600_variant,success,2,saved
2026-09-05T14:14:39+00:00,fld_006,05_Fields,600_variant,success,1,saved
2026-09-05T14:14:39+00:00,srch_001,06_Search,600_variant,success,1,saved
2026-09-05T14:14:40+00:00,srch_002,06_Search,600_variant,success,17,saved
2026-09-05T14:14:40+00:00,srch_003,06_Search,600_variant,success,18,saved
2026-09-05T14:14:40+00:00,srch_004,06_Search,600_variant,success,9,saved
2026-09-05T14:14:40+00:00,srch_005,06_Search,600_variant,success,6,saved
2026-09-05T14:14:40+00:00,srch_006,06_Search,600_variant,success,1,saved
2026-09-05T14:14:40+00:00,srch_007,06_Search,600_variant,success,1,saved
2026-09-05T14:14:40+00:00,srch_008,06_Search,600_variant,success,1,saved
2026-09-05T14:14:40+00:00,brd_001,07_Boards,600_variant,success,1,saved
2026-09-05T14:14:40+00:00,brd_002,07_Boards,600_variant,success,1,saved
2026-09-05T14:14:40+00:00,brd_003,07_Boards,600_variant,success,2,saved
2026-09-05T14:14:40+00:00,brd_004,07_Boards,600_variant,success,6,saved
2026-09-05T14:14:40+00:00,brd_005,07_Boards,600_variant,success,2,saved
2026-09-05T14:14:40+00:00,brd_006,07_Boards,600_variant,success,1,saved
2026-09-05T14:14:40+00:00,notif_001,08_Notifications,600_variant,success,4,saved
2026-09-05T14:14:40+00:00,notif_002,08_Notifications,600_variant,success,2,saved
2026-09-05T14:14:40+00:00,notif_003,08_Notifications,600_variant,success,2,saved
2026-09-05T14:14:40+00:00,notif_004,08_Notifications,600_variant,success,2,saved
2026-09-05T14:14:40+00:00,notif_005,08_Notifications,600_variant,success,1,saved
2026-09-05T14:14:40+00:00,jsm_001,09_Jira_Service_Management,600_variant,success,2,saved
2026-09-05T14:14:40+00:00,jsm_002,09_Jira_Service_Management,600_variant,success,1,saved
2026-09-05T14:14:40+00:00,jsm_003,09_Jira_Service_Management,600_variant,success,2,saved
2026-09-05T14:14:40+00:00,jsm_004,09_Jira_Service_Management,600_variant,success,1,saved
2026-09-05T14:14:40+00:00,jsm_005,09_Jira_Service_Management,600_variant,success,1,saved
2026-09-05T14:14:40+00:00,jsm_006,09_Jira_Service_Management,600_variant,success,1,saved
2026-09-05T14:14:40+00:00,jsm_007,09_Jira_Service_Management,600_variant,success,2,saved
2026-09-05T14:14:40+00:00,jsm_008,09_Jira_Service_Management,600_variant,success,1,saved
2026-09-05T14:14:40+00:00,ts_001,10_Troubleshooting,600_variant,success,34,saved
2026-09-05T14:14:40+00:00,ts_002,10_Troubleshooting,600_variant,success,4,saved
2026-09-05T14:14:40+00:00,ts_003,10_Troubleshooting,600_variant,success,4,saved
2026-09-05T14:14:41+00:00,ts_004,10_Troubleshooting,600_variant,success,7,saved
2026-09-07T03:29:44+00:00,wf_001,01_Workflows,400_variant,skipped,0,chunks already exist
2026-09-07T03:29:44+00:00,wf_002,01_Workflows,400_variant,skipped,0,chunks already exist
2026-09-07T03:29:44+00:00,wf_003,01_Workflows,400_variant,skipped,0,chunks already exist
2026-09-07T03:29:44+00:00,wf_004,01_Workflows,400_variant,skipped,0,chunks already exist
2026-09-07T03:29:44+00:00,wf_005,01_Workflows,400_variant,skipped,0,chunks already exist
2026-09-07T03:29:44+00:00,wf_006,01_Workflows,400_variant,skipped,0,chunks already exist
2026-09-07T03:29:44+00:00,wf_007,01_Workflows,400_variant,skipped,0,chunks already exist
2026-09-07T03:29:44+00:00,perm_001,02_Permissions,400_variant,skipped,0,chunks already exist
2026-09-07T03:29:44+00:00,perm_002,02_Permissions,400_variant,skipped,0,chunks already exist
2026-09-07T03:29:44+00:00,perm_003,02_Permissions,400_variant,skipped,0,chunks already exist
2026-09-07T03:29:44+00:00,perm_004,02_Permissions,400_variant,skipped,0,chunks already exist
2026-09-07T03:29:44+00:00,perm_005,02_Permissions,400_variant,skipped,0,chunks already exist
2026-09-07T03:29:44+00:00,perm_006,02_Permissions,400_variant,skipped,0,chunks already exist
2026-09-07T03:29:44+00:00,perm_007,02_Permissions,400_variant,skipped,0,chunks already exist
2026-09-07T03:29:44+00:00,iss_002,03_Issues,400_variant,skipped,0,chunks already exist
2026-09-07T03:29:44+00:00,iss_003,03_Issues,400_variant,skipped,0,chunks already exist
2026-09-07T03:29:44+00:00,iss_004,03_Issues,400_variant,skipped,0,chunks already exist
2026-09-07T03:29:44+00:00,iss_005,03_Issues,400_variant,success,1,saved
2026-09-07T03:29:44+00:00,proj_001,04_Projects,400_variant,skipped,0,chunks already exist
2026-09-07T03:29:44+00:00,proj_002,04_Projects,400_variant,skipped,0,chunks already exist
2026-09-07T03:29:44+00:00,proj_003,04_Projects,400_variant,skipped,0,chunks already exist
2026-09-07T03:29:44+00:00,proj_004,04_Projects,400_variant,skipped,0,chunks already exist
2026-09-07T03:29:44+00:00,fld_001,05_Fields,400_variant,skipped,0,chunks already exist
2026-09-07T03:29:44+00:00,fld_002,05_Fields,400_variant,skipped,0,chunks already exist
2026-09-07T03:29:44+00:00,fld_003,05_Fields,400_variant,skipped,0,chunks already exist
2026-09-07T03:29:44+00:00,fld_004,05_Fields,400_variant,skipped,0,chunks already exist
2026-09-07T03:29:44+00:00,fld_005,05_Fields,400_variant,skipped,0,chunks already exist
2026-09-07T03:29:44+00:00,fld_006,05_Fields,400_variant,skipped,0,chunks already exist
2026-09-07T03:29:44+00:00,srch_001,06_Search,400_variant,skipped,0,chunks already exist
2026-09-07T03:29:44+00:00,srch_003,06_Search,400_variant,skipped,0,chunks already exist
2026-09-07T03:29:44+00:00,srch_004,06_Search,400_variant,skipped,0,chunks already exist
2026-09-07T03:29:44+00:00,srch_005,06_Search,400_variant,skipped,0,chunks already exist
2026-09-07T03:29:44+00:00,srch_006,06_Search,400_variant,skipped,0,chunks already exist
2026-09-07T03:29:44+00:00,srch_007,06_Search,400_variant,skipped,0,chunks already exist
2026-09-07T03:29:44+00:00,srch_008,06_Search,400_variant,skipped,0,chunks already exist
2026-09-07T03:29:44+00:00,srch_009,06_Search,400_variant,success,33,saved
2026-09-07T03:29:44+00:00,brd_001,07_Boards,400_variant,skipped,0,chunks already exist
2026-09-07T03:29:44+00:00,brd_002,07_Boards,400_variant,skipped,0,chunks already exist
2026-09-07T03:29:44+00:00,brd_003,07_Boards,400_variant,skipped,0,chunks already exist
2026-09-07T03:29:44+00:00,brd_004,07_Boards,400_variant,skipped,0,chunks already exist
2026-09-07T03:29:44+00:00,brd_005,07_Boards,400_variant,skipped,0,chunks already exist
2026-09-07T03:29:44+00:00,brd_006,07_Boards,400_variant,skipped,0,chunks already exist
2026-09-07T03:29:44+00:00,notif_001,08_Notifications,400_variant,skipped,0,chunks already exist
2026-09-07T03:29:44+00:00,notif_002,08_Notifications,400_variant,skipped,0,chunks already exist
2026-09-07T03:29:44+00:00,notif_003,08_Notifications,400_variant,skipped,0,chunks already exist
2026-09-07T03:29:44+00:00,notif_004,08_Notifications,400_variant,skipped,0,chunks already exist
2026-09-07T03:29:44+00:00,notif_005,08_Notifications,400_variant,skipped,0,chunks already exist
2026-09-07T03:29:44+00:00,jsm_001,09_Jira_Service_Management,400_variant,skipped,0,chunks already exist
2026-09-07T03:29:44+00:00,jsm_002,09_Jira_Service_Management,400_variant,skipped,0,chunks already exist
2026-09-07T03:29:44+00:00,jsm_003,09_Jira_Service_Management,400_variant,skipped,0,chunks already exist
2026-09-07T03:29:44+00:00,jsm_004,09_Jira_Service_Management,400_variant,skipped,0,chunks already exist
2026-09-07T03:29:44+00:00,jsm_005,09_Jira_Service_Management,400_variant,skipped,0,chunks already exist
2026-09-07T03:29:44+00:00,jsm_007,09_Jira_Service_Management,400_variant,skipped,0,chunks already exist
2026-09-07T03:29:44+00:00,jsm_008,09_Jira_Service_Management,400_variant,skipped,0,chunks already exist
2026-09-07T03:29:44+00:00,jsm_009,09_Jira_Service_Management,400_variant,success,1,saved
2026-09-07T03:29:44+00:00,ts_002,10_Troubleshooting,400_variant,skipped,0,chunks already exist
2026-09-07T03:29:44+00:00,ts_003,10_Troubleshooting,400_variant,skipped,0,chunks already exist
2026-09-07T03:29:59+00:00,wf_001,01_Workflows,600_variant,skipped,0,chunks already exist
2026-09-07T03:29:59+00:00,wf_002,01_Workflows,600_variant,skipped,0,chunks already exist
2026-09-07T03:29:59+00:00,wf_003,01_Workflows,600_variant,skipped,0,chunks already exist
2026-09-07T03:29:59+00:00,wf_004,01_Workflows,600_variant,skipped,0,chunks already exist
2026-09-07T03:29:59+00:00,wf_005,01_Workflows,600_variant,skipped,0,chunks already exist
2026-09-07T03:29:59+00:00,wf_006,01_Workflows,600_variant,skipped,0,chunks already exist
2026-09-07T03:29:59+00:00,wf_007,01_Workflows,600_variant,skipped,0,chunks already exist
2026-09-07T03:29:59+00:00,perm_001,02_Permissions,600_variant,skipped,0,chunks already exist
2026-09-07T03:29:59+00:00,perm_002,02_Permissions,600_variant,skipped,0,chunks already exist
2026-09-07T03:29:59+00:00,perm_003,02_Permissions,600_variant,skipped,0,chunks already exist
2026-09-07T03:29:59+00:00,perm_004,02_Permissions,600_variant,skipped,0,chunks already exist
2026-09-07T03:29:59+00:00,perm_005,02_Permissions,600_variant,skipped,0,chunks already exist
2026-09-07T03:29:59+00:00,perm_006,02_Permissions,600_variant,skipped,0,chunks already exist
2026-09-07T03:29:59+00:00,perm_007,02_Permissions,600_variant,skipped,0,chunks already exist
2026-09-07T03:29:59+00:00,iss_002,03_Issues,600_variant,skipped,0,chunks already exist
2026-09-07T03:29:59+00:00,iss_003,03_Issues,600_variant,skipped,0,chunks already exist
2026-09-07T03:29:59+00:00,iss_004,03_Issues,600_variant,skipped,0,chunks already exist
2026-09-07T03:29:59+00:00,iss_005,03_Issues,600_variant,success,1,saved
2026-09-07T03:29:59+00:00,proj_001,04_Projects,600_variant,skipped,0,chunks already exist
2026-09-07T03:29:59+00:00,proj_002,04_Projects,600_variant,skipped,0,chunks already exist
2026-09-07T03:29:59+00:00,proj_003,04_Projects,600_variant,skipped,0,chunks already exist
2026-09-07T03:29:59+00:00,proj_004,04_Projects,600_variant,skipped,0,chunks already exist
2026-09-07T03:29:59+00:00,fld_001,05_Fields,600_variant,skipped,0,chunks already exist
2026-09-07T03:29:59+00:00,fld_002,05_Fields,600_variant,skipped,0,chunks already exist
2026-09-07T03:29:59+00:00,fld_003,05_Fields,600_variant,skipped,0,chunks already exist
2026-09-07T03:29:59+00:00,fld_004,05_Fields,600_variant,skipped,0,chunks already exist
2026-09-07T03:29:59+00:00,fld_005,05_Fields,600_variant,skipped,0,chunks already exist
2026-09-07T03:29:59+00:00,fld_006,05_Fields,600_variant,skipped,0,chunks already exist
2026-09-07T03:29:59+00:00,srch_001,06_Search,600_variant,skipped,0,chunks already exist
2026-09-07T03:29:59+00:00,srch_003,06_Search,600_variant,skipped,0,chunks already exist
2026-09-07T03:29:59+00:00,srch_004,06_Search,600_variant,skipped,0,chunks already exist
2026-09-07T03:29:59+00:00,srch_005,06_Search,600_variant,skipped,0,chunks already exist
2026-09-07T03:29:59+00:00,srch_006,06_Search,600_variant,skipped,0,chunks already exist
2026-09-07T03:29:59+00:00,srch_007,06_Search,600_variant,skipped,0,chunks already exist
2026-09-07T03:29:59+00:00,srch_008,06_Search,600_variant,skipped,0,chunks already exist
2026-09-07T03:29:59+00:00,srch_009,06_Search,600_variant,success,22,saved
2026-09-07T03:29:59+00:00,brd_001,07_Boards,600_variant,skipped,0,chunks already exist
2026-09-07T03:29:59+00:00,brd_002,07_Boards,600_variant,skipped,0,chunks already exist
2026-09-07T03:29:59+00:00,brd_003,07_Boards,600_variant,skipped,0,chunks already exist
2026-09-07T03:29:59+00:00,brd_004,07_Boards,600_variant,skipped,0,chunks already exist
2026-09-07T03:29:59+00:00,brd_005,07_Boards,600_variant,skipped,0,chunks already exist
2026-09-07T03:29:59+00:00,brd_006,07_Boards,600_variant,skipped,0,chunks already exist
2026-09-07T03:29:59+00:00,notif_001,08_Notifications,600_variant,skipped,0,chunks already exist
2026-09-07T03:29:59+00:00,notif_002,08_Notifications,600_variant,skipped,0,chunks already exist
2026-09-07T03:29:59+00:00,notif_003,08_Notifications,600_variant,skipped,0,chunks already exist
2026-09-07T03:29:59+00:00,notif_004,08_Notifications,600_variant,skipped,0,chunks already exist
2026-09-07T03:29:59+00:00,notif_005,08_Notifications,600_variant,skipped,0,chunks already exist
2026-09-07T03:29:59+00:00,jsm_001,09_Jira_Service_Management,600_variant,skipped,0,chunks already exist
2026-09-07T03:29:59+00:00,jsm_002,09_Jira_Service_Management,600_variant,skipped,0,chunks already exist
2026-09-07T03:29:59+00:00,jsm_003,09_Jira_Service_Management,600_variant,skipped,0,chunks already exist
2026-09-07T03:29:59+00:00,jsm_004,09_Jira_Service_Management,600_variant,skipped,0,chunks already exist
2026-09-07T03:29:59+00:00,jsm_005,09_Jira_Service_Management,600_variant,skipped,0,chunks already exist
2026-09-07T03:29:59+00:00,jsm_007,09_Jira_Service_Management,600_variant,skipped,0,chunks already exist
2026-09-07T03:29:59+00:00,jsm_008,09_Jira_Service_Management,600_variant,skipped,0,chunks already exist
2026-09-07T03:29:59+00:00,jsm_009,09_Jira_Service_Management,600_variant,success,1,saved
2026-09-07T03:29:59+00:00,ts_002,10_Troubleshooting,600_variant,skipped,0,chunks already exist
2026-09-07T03:29:59+00:00,ts_003,10_Troubleshooting,600_variant,skipped,0,chunks already exist
2026-09-07T04:03:30+00:00,wf_001,01_Workflows,400_variant,skipped,0,chunks already exist
2026-09-07T04:03:30+00:00,wf_002,01_Workflows,400_variant,skipped,0,chunks already exist
2026-09-07T04:03:30+00:00,wf_003,01_Workflows,400_variant,skipped,0,chunks already exist
2026-09-07T04:03:30+00:00,wf_004,01_Workflows,400_variant,skipped,0,chunks already exist
2026-09-07T04:03:30+00:00,wf_005,01_Workflows,400_variant,skipped,0,chunks already exist
2026-09-07T04:03:30+00:00,wf_006,01_Workflows,400_variant,skipped,0,chunks already exist
2026-09-07T04:03:30+00:00,wf_007,01_Workflows,400_variant,skipped,0,chunks already exist
2026-09-07T04:03:30+00:00,perm_001,02_Permissions,400_variant,skipped,0,chunks already exist
2026-09-07T04:03:30+00:00,perm_002,02_Permissions,400_variant,skipped,0,chunks already exist
2026-09-07T04:03:30+00:00,perm_003,02_Permissions,400_variant,skipped,0,chunks already exist
2026-09-07T04:03:30+00:00,perm_004,02_Permissions,400_variant,skipped,0,chunks already exist
2026-09-07T04:03:30+00:00,perm_005,02_Permissions,400_variant,skipped,0,chunks already exist
2026-09-07T04:03:30+00:00,perm_006,02_Permissions,400_variant,skipped,0,chunks already exist
2026-09-07T04:03:30+00:00,perm_007,02_Permissions,400_variant,skipped,0,chunks already exist
2026-09-07T04:03:30+00:00,iss_002,03_Issues,400_variant,skipped,0,chunks already exist
2026-09-07T04:03:30+00:00,iss_003,03_Issues,400_variant,skipped,0,chunks already exist
2026-09-07T04:03:30+00:00,iss_004,03_Issues,400_variant,skipped,0,chunks already exist
2026-09-07T04:03:30+00:00,iss_005,03_Issues,400_variant,skipped,0,chunks already exist
2026-09-07T04:03:30+00:00,proj_001,04_Projects,400_variant,skipped,0,chunks already exist
2026-09-07T04:03:30+00:00,proj_002,04_Projects,400_variant,skipped,0,chunks already exist
2026-09-07T04:03:30+00:00,proj_003,04_Projects,400_variant,skipped,0,chunks already exist
2026-09-07T04:03:30+00:00,proj_004,04_Projects,400_variant,skipped,0,chunks already exist
2026-09-07T04:03:30+00:00,fld_001,05_Fields,400_variant,skipped,0,chunks already exist
2026-09-07T04:03:30+00:00,fld_002,05_Fields,400_variant,skipped,0,chunks already exist
2026-09-07T04:03:30+00:00,fld_003,05_Fields,400_variant,skipped,0,chunks already exist
2026-09-07T04:03:30+00:00,fld_004,05_Fields,400_variant,skipped,0,chunks already exist
2026-09-07T04:03:30+00:00,fld_005,05_Fields,400_variant,skipped,0,chunks already exist
2026-09-07T04:03:30+00:00,fld_006,05_Fields,400_variant,skipped,0,chunks already exist
2026-09-07T04:03:30+00:00,srch_001,06_Search,400_variant,skipped,0,chunks already exist
2026-09-07T04:03:30+00:00,srch_003,06_Search,400_variant,skipped,0,chunks already exist
2026-09-07T04:03:30+00:00,srch_004,06_Search,400_variant,skipped,0,chunks already exist
2026-09-07T04:03:30+00:00,srch_005,06_Search,400_variant,skipped,0,chunks already exist
2026-09-07T04:03:30+00:00,srch_006,06_Search,400_variant,skipped,0,chunks already exist
2026-09-07T04:03:30+00:00,srch_007,06_Search,400_variant,skipped,0,chunks already exist
2026-09-07T04:03:30+00:00,srch_008,06_Search,400_variant,skipped,0,chunks already exist
2026-09-07T04:03:30+00:00,srch_009,06_Search,400_variant,skipped,0,chunks already exist
2026-09-07T04:03:30+00:00,brd_001,07_Boards,400_variant,skipped,0,chunks already exist
2026-09-07T04:03:30+00:00,brd_002,07_Boards,400_variant,skipped,0,chunks already exist
2026-09-07T04:03:30+00:00,brd_003,07_Boards,400_variant,skipped,0,chunks already exist
2026-09-07T04:03:30+00:00,brd_004,07_Boards,400_variant,skipped,0,chunks already exist
2026-09-07T04:03:30+00:00,brd_005,07_Boards,400_variant,skipped,0,chunks already exist
2026-09-07T04:03:30+00:00,brd_006,07_Boards,400_variant,skipped,0,chunks already exist
2026-09-07T04:03:30+00:00,notif_001,08_Notifications,400_variant,skipped,0,chunks already exist
2026-09-07T04:03:30+00:00,notif_002,08_Notifications,400_variant,skipped,0,chunks already exist
2026-09-07T04:03:30+00:00,notif_003,08_Notifications,400_variant,skipped,0,chunks already exist
2026-09-07T04:03:30+00:00,notif_004,08_Notifications,400_variant,skipped,0,chunks already exist
2026-09-07T04:03:30+00:00,notif_005,08_Notifications,400_variant,skipped,0,chunks already exist
2026-09-07T04:03:30+00:00,jsm_001,09_Jira_Service_Management,400_variant,skipped,0,chunks already exist
2026-09-07T04:03:30+00:00,jsm_002,09_Jira_Service_Management,400_variant,skipped,0,chunks already exist
2026-09-07T04:03:30+00:00,jsm_003,09_Jira_Service_Management,400_variant,skipped,0,chunks already exist
2026-09-07T04:03:30+00:00,jsm_004,09_Jira_Service_Management,400_variant,skipped,0,chunks already exist
2026-09-07T04:03:30+00:00,jsm_005,09_Jira_Service_Management,400_variant,skipped,0,chunks already exist
2026-09-07T04:03:30+00:00,jsm_007,09_Jira_Service_Management,400_variant,skipped,0,chunks already exist
2026-09-07T04:03:30+00:00,jsm_008,09_Jira_Service_Management,400_variant,skipped,0,chunks already exist
2026-09-07T04:03:30+00:00,jsm_009,09_Jira_Service_Management,400_variant,skipped,0,chunks already exist
2026-09-07T04:03:30+00:00,jsm_010,09_Jira_Service_Management,400_variant,success,1,saved
2026-09-07T04:03:30+00:00,ts_002,10_Troubleshooting,400_variant,skipped,0,chunks already exist
2026-09-07T04:03:30+00:00,ts_003,10_Troubleshooting,400_variant,skipped,0,chunks already exist
2026-09-07T04:03:54+00:00,wf_001,01_Workflows,600_variant,skipped,0,chunks already exist
2026-09-07T04:03:54+00:00,wf_002,01_Workflows,600_variant,skipped,0,chunks already exist
2026-09-07T04:03:54+00:00,wf_003,01_Workflows,600_variant,skipped,0,chunks already exist
2026-09-07T04:03:54+00:00,wf_004,01_Workflows,600_variant,skipped,0,chunks already exist
2026-09-07T04:03:54+00:00,wf_005,01_Workflows,600_variant,skipped,0,chunks already exist
2026-09-07T04:03:54+00:00,wf_006,01_Workflows,600_variant,skipped,0,chunks already exist
2026-09-07T04:03:54+00:00,wf_007,01_Workflows,600_variant,skipped,0,chunks already exist
2026-09-07T04:03:54+00:00,perm_001,02_Permissions,600_variant,skipped,0,chunks already exist
2026-09-07T04:03:54+00:00,perm_002,02_Permissions,600_variant,skipped,0,chunks already exist
2026-09-07T04:03:54+00:00,perm_003,02_Permissions,600_variant,skipped,0,chunks already exist
2026-09-07T04:03:54+00:00,perm_004,02_Permissions,600_variant,skipped,0,chunks already exist
2026-09-07T04:03:54+00:00,perm_005,02_Permissions,600_variant,skipped,0,chunks already exist
2026-09-07T04:03:54+00:00,perm_006,02_Permissions,600_variant,skipped,0,chunks already exist
2026-09-07T04:03:54+00:00,perm_007,02_Permissions,600_variant,skipped,0,chunks already exist
2026-09-07T04:03:54+00:00,iss_002,03_Issues,600_variant,skipped,0,chunks already exist
2026-09-07T04:03:54+00:00,iss_003,03_Issues,600_variant,skipped,0,chunks already exist
2026-09-07T04:03:54+00:00,iss_004,03_Issues,600_variant,skipped,0,chunks already exist
2026-09-07T04:03:54+00:00,iss_005,03_Issues,600_variant,skipped,0,chunks already exist
2026-09-07T04:03:54+00:00,proj_001,04_Projects,600_variant,skipped,0,chunks already exist
2026-09-07T04:03:54+00:00,proj_002,04_Projects,600_variant,skipped,0,chunks already exist
2026-09-07T04:03:54+00:00,proj_003,04_Projects,600_variant,skipped,0,chunks already exist
2026-09-07T04:03:54+00:00,proj_004,04_Projects,600_variant,skipped,0,chunks already exist
2026-09-07T04:03:54+00:00,fld_001,05_Fields,600_variant,skipped,0,chunks already exist
2026-09-07T04:03:54+00:00,fld_002,05_Fields,600_variant,skipped,0,chunks already exist
2026-09-07T04:03:54+00:00,fld_003,05_Fields,600_variant,skipped,0,chunks already exist
2026-09-07T04:03:54+00:00,fld_004,05_Fields,600_variant,skipped,0,chunks already exist
2026-09-07T04:03:54+00:00,fld_005,05_Fields,600_variant,skipped,0,chunks already exist
2026-09-07T04:03:54+00:00,fld_006,05_Fields,600_variant,skipped,0,chunks already exist
2026-09-07T04:03:54+00:00,srch_001,06_Search,600_variant,skipped,0,chunks already exist
2026-09-07T04:03:54+00:00,srch_003,06_Search,600_variant,skipped,0,chunks already exist
2026-09-07T04:03:54+00:00,srch_004,06_Search,600_variant,skipped,0,chunks already exist
2026-09-07T04:03:54+00:00,srch_005,06_Search,600_variant,skipped,0,chunks already exist
2026-09-07T04:03:54+00:00,srch_006,06_Search,600_variant,skipped,0,chunks already exist
2026-09-07T04:03:54+00:00,srch_007,06_Search,600_variant,skipped,0,chunks already exist
2026-09-07T04:03:54+00:00,srch_008,06_Search,600_variant,skipped,0,chunks already exist
2026-09-07T04:03:54+00:00,srch_009,06_Search,600_variant,skipped,0,chunks already exist
2026-09-07T04:03:54+00:00,brd_001,07_Boards,600_variant,skipped,0,chunks already exist
2026-09-07T04:03:54+00:00,brd_002,07_Boards,600_variant,skipped,0,chunks already exist
2026-09-07T04:03:54+00:00,brd_003,07_Boards,600_variant,skipped,0,chunks already exist
2026-09-07T04:03:54+00:00,brd_004,07_Boards,600_variant,skipped,0,chunks already exist
2026-09-07T04:03:54+00:00,brd_005,07_Boards,600_variant,skipped,0,chunks already exist
2026-09-07T04:03:54+00:00,brd_006,07_Boards,600_variant,skipped,0,chunks already exist
2026-09-07T04:03:54+00:00,notif_001,08_Notifications,600_variant,skipped,0,chunks already exist
2026-09-07T04:03:54+00:00,notif_002,08_Notifications,600_variant,skipped,0,chunks already exist
2026-09-07T04:03:54+00:00,notif_003,08_Notifications,600_variant,skipped,0,chunks already exist
2026-09-07T04:03:54+00:00,notif_004,08_Notifications,600_variant,skipped,0,chunks already exist
2026-09-07T04:03:54+00:00,notif_005,08_Notifications,600_variant,skipped,0,chunks already exist
2026-09-07T04:03:54+00:00,jsm_001,09_Jira_Service_Management,600_variant,skipped,0,chunks already exist
2026-09-07T04:03:54+00:00,jsm_002,09_Jira_Service_Management,600_variant,skipped,0,chunks already exist
2026-09-07T04:03:54+00:00,jsm_003,09_Jira_Service_Management,600_variant,skipped,0,chunks already exist
2026-09-07T04:03:54+00:00,jsm_004,09_Jira_Service_Management,600_variant,skipped,0,chunks already exist
2026-09-07T04:03:54+00:00,jsm_005,09_Jira_Service_Management,600_variant,skipped,0,chunks already exist
2026-09-07T04:03:54+00:00,jsm_007,09_Jira_Service_Management,600_variant,skipped,0,chunks already exist
2026-09-07T04:03:54+00:00,jsm_008,09_Jira_Service_Management,600_variant,skipped,0,chunks already exist
2026-09-07T04:03:54+00:00,jsm_009,09_Jira_Service_Management,600_variant,skipped,0,chunks already exist
2026-09-07T04:03:55+00:00,jsm_010,09_Jira_Service_Management,600_variant,success,1,saved
2026-09-07T04:03:55+00:00,ts_002,10_Troubleshooting,600_variant,skipped,0,chunks already exist
2026-09-07T04:03:55+00:00,ts_003,10_Troubleshooting,600_variant,skipped,0,chunks already exist
